epoch,accuracy,loss,val_accuracy,val_loss
0,0.31415000557899475,1.8243788480758667,0.3919000029563904,1.625352144241333
